-- insert usuarios
INSERT INTO TBUS001_CAD_UNI_USU (COD_IDE_USU, CPF_CNPJ, DAT_BAT, DAT_NSC, DAT_ULT_ATU, EST_CIV, SEX_USU, TIP_PES, IND_MEM, NOM_USU, EMAIL_USU, SEN_ACE_USU)
VALUES ('9af0ff59-29cf-4c5b-80fe-c57698e78cde', 99999999999, '2015-08-09', '1999-08-12', CURRENT_TIMESTAMP, 'S', 'M', 'F', TRUE, 'AUGUSTO LUIZ SILVA', 'email1@gmail.com', 'AUGUSTO123');

INSERT INTO TBUS001_CAD_UNI_USU (COD_IDE_USU, CPF_CNPJ, DAT_BAT, DAT_NSC, DAT_ULT_ATU, EST_CIV, SEX_USU, TIP_PES, IND_MEM, NOM_USU, EMAIL_USU, SEN_ACE_USU)
VALUES ('1071bac7-447a-4390-80d9-600a33760f5b', 88888888888, NULL, '1999-05-10', CURRENT_TIMESTAMP, 'C', 'M', 'F', FALSE, 'JOSÉ DA SILVA', 'email2@gmail.com', 'JOSE123');

INSERT INTO TBUS001_CAD_UNI_USU (COD_IDE_USU, CPF_CNPJ, DAT_BAT, DAT_NSC, DAT_ULT_ATU, EST_CIV, SEX_USU, TIP_PES, IND_MEM, NOM_USU, EMAIL_USU, SEN_ACE_USU)
VALUES ('a6e41007-52d7-4bed-9482-ca3bf64eb5f7', 77777777777777, NULL, '1999-05-10', CURRENT_TIMESTAMP, NULL, NULL, 'J', FALSE, 'EMPRESA 1 S.A', 'email3@gmail.com', 'EMP1123');

-- insert enderecos
INSERT INTO TBUS004_CAD_END_USU (COD_CAD_END, BAI_END, CEP_END, COM_END, DAT_ULT_ATU, LOG_END, MUN_END, TIP_END, UF_END)
VALUES (1, 'VILA MARIANA', 99999999, 'PRÓXIMO AO PARQUE', CURRENT_TIMESTAMP, 'RUA 123', 'SÃO PAULO', 'A', 'SP');

INSERT INTO TBUS004_CAD_END_USU(COD_CAD_END, BAI_END, CEP_END, COM_END, DAT_ULT_ATU, LOG_END, MUN_END, TIP_END, UF_END)
VALUES (2, 'TATUAPÉ', 88888888, 'PRÓXIMO AO SHOPPING', CURRENT_TIMESTAMP, 'AVENIDA DO SHOPPING', 'SÃO PAULO', 'C', 'SP');

-- insert enderecosUsuarios

INSERT INTO TBUS005_END_USU (END_PRI, NIV_PRIO, COD_IDE_USU, COD_CAD_END, DAT_ULT_ATU)
VALUES (TRUE, 1, '9af0ff59-29cf-4c5b-80fe-c57698e78cde', 1, CURRENT_TIMESTAMP);

INSERT INTO TBUS005_END_USU (END_PRI, NIV_PRIO, COD_IDE_USU, COD_CAD_END, DAT_ULT_ATU)
VALUES (FALSE, 2, '9af0ff59-29cf-4c5b-80fe-c57698e78cde', 2, CURRENT_TIMESTAMP);

-- insert telefones

INSERT INTO TBUS003_CAD_TEL_USU (COD_CAD_TEL, DAT_ULT_ATU, TEL_DDD, TEL_NUM, TIP_TEL)
VALUES (1, CURRENT_TIMESTAMP, 11, 99999999, 'C');

INSERT INTO TBUS003_CAD_TEL_USU (COD_CAD_TEL, DAT_ULT_ATU, TEL_DDD, TEL_NUM, TIP_TEL)
VALUES (2, CURRENT_TIMESTAMP, 11, 88888888, 'F');

-- insert telefonesUsuarios

INSERT INTO TBUS006_TEL_USU (COD_IDE_USU, COD_CAD_TEL, NIV_PRIO, TEL_PRI, DAT_ULT_ATU )
VALUES ('9af0ff59-29cf-4c5b-80fe-c57698e78cde', 1, 1, TRUE, CURRENT_TIMESTAMP);

INSERT INTO TBUS006_TEL_USU (COD_IDE_USU, COD_CAD_TEL, NIV_PRIO, TEL_PRI, DAT_ULT_ATU)
VALUES ('9af0ff59-29cf-4c5b-80fe-c57698e78cde', 2, 2, FALSE, CURRENT_TIMESTAMP);

INSERT INTO TBUS006_TEL_USU (COD_IDE_USU, COD_CAD_TEL, NIV_PRIO, TEL_PRI, DAT_ULT_ATU)
VALUES ('1071bac7-447a-4390-80d9-600a33760f5b', 1, 1, TRUE, CURRENT_TIMESTAMP);

INSERT INTO TBUS007_CAD_PER_ACE(COD_CAD_PER, PER_PAP, PER_PRM) VALUES (1, 'ADMIN', 'LEITURA');
INSERT INTO TBUS007_CAD_PER_ACE(COD_CAD_PER, PER_PAP, PER_PRM) VALUES (2, 'ADMIN', 'ESCRITA');
INSERT INTO TBUS007_CAD_PER_ACE(COD_CAD_PER, PER_PAP, PER_PRM) VALUES (3, 'ADMIN', 'DELECAO');
INSERT INTO TBUS007_CAD_PER_ACE(COD_CAD_PER, PER_PAP, PER_PRM) VALUES (4, 'ADMIN', 'ATUALIZACAO');

INSERT INTO TBUS008_PER_USU(COD_CAD_PER, COD_IDE_USU) VALUES (1, '9af0ff59-29cf-4c5b-80fe-c57698e78cde');
INSERT INTO TBUS008_PER_USU(COD_CAD_PER, COD_IDE_USU) VALUES (2, '9af0ff59-29cf-4c5b-80fe-c57698e78cde');
INSERT INTO TBUS008_PER_USU(COD_CAD_PER, COD_IDE_USU) VALUES (4, '9af0ff59-29cf-4c5b-80fe-c57698e78cde');

INSERT INTO TBUS008_PER_USU(COD_CAD_PER, COD_IDE_USU) VALUES (3, '1071bac7-447a-4390-80d9-600a33760f5b');
INSERT INTO TBUS008_PER_USU(COD_CAD_PER, COD_IDE_USU) VALUES (1, '1071bac7-447a-4390-80d9-600a33760f5b');